{
  "linkedPoints": [
    {
      "time": 7.005042,
      "position": [
        22.549313746511043,
        88.35007690693638
      ]
    },
    {
      "time": 18.379424,
      "position": [
        22.549109411801748,
        88.35074935388879
      ]
    },
    {
      "time": 88.714707,
      "position": [
        22.54841597416246,
        88.35344979764535
      ]
    },
    {
      "time": 97.456424,
      "position": [
        22.54844532272603,
        88.35353232201027
      ]
    },
    {
      "time": 149.784661,
      "position": [
        22.54994966982377,
        88.35396349869664
      ]
    },
    {
      "time": 166.139324,
      "position": [
        22.5509300750385,
        88.35423752999027
      ]
    },
    {
      "time": 181.756034,
      "position": [
        22.55104515875414,
        88.35420748883932
      ]
    },
    {
      "time": 226.443245,
      "position": [
        22.552491088074728,
        88.35301770960277
      ]
    },
    {
      "time": 244.779664,
      "position": [
        22.55339235664661,
        88.3534184724328
      ]
    },
    {
      "time": 262.692326,
      "position": [
        22.554054206222645,
        88.35369652767902
      ]
    },
    {
      "time": 283.299145,
      "position": [
        22.555090442921028,
        88.35411581727377
      ]
    },
    {
      "time": 300.493198,
      "position": [
        22.55579547239001,
        88.35439184333838
      ]
    },
    {
      "time": 327.540309,
      "position": [
        22.555848127756096,
        88.35303679040177
      ]
    },
    {
      "time": 336.973113,
      "position": [
        22.555859074830646,
        88.3527548723153
      ]
    },
    {
      "time": 412.847142,
      "position": [
        22.556060944606767,
        88.35019619128236
      ]
    },
    {
      "time": 468.148158,
      "position": [
        22.559775680766844,
        88.35054764966493
      ]
    },
    {
      "time": 469.424377,
      "position": [
        22.560727684166878,
        88.3506409407912
      ]
    },
    {
      "time": 498.621708,
      "position": [
        22.56175741574736,
        88.35074952899252
      ]
    },
    {
      "time": 513.540178,
      "position": [
        22.56232237792407,
        88.35081745383438
      ]
    },
    {
      "time": 538.868613,
      "position": [
        22.563528717634522,
        88.35089409798475
      ]
    },
    {
      "time": 579.612923,
      "position": [
        22.564375719187883,
        88.34819981793898
      ]
    },
    {
      "time": 616.418457,
      "position": [
        22.563789577715,
        88.34715288679851
      ]
    },
    {
      "time": 629.841683,
      "position": [
        22.564002650098544,
        88.34680972034926
      ]
    },
    {
      "time": 647.660853,
      "position": [
        22.564411569084967,
        88.34526765137129
      ]
    },
    {
      "time": 677.911578,
      "position": [
        22.565443437232034,
        88.34510543301182
      ]
    },
    {
      "time": 707.345383,
      "position": [
        22.56651455693103,
        88.34264481700342
      ]
    },
    {
      "time": 727.266052,
      "position": [
        22.5672236456426,
        88.34122580240353
      ]
    },
    {
      "time": 758.74088,
      "position": [
        22.567381355588093,
        88.34111040826006
      ]
    },
    {
      "time": 793.132668,
      "position": [
        22.56857675357438,
        88.34182637838043
      ]
    },
    {
      "time": 832.232613,
      "position": [
        22.570277888728935,
        88.34314971552593
      ]
    },
    {
      "time": 860.292731,
      "position": [
        22.571965746591836,
        88.34445482197647
      ]
    },
    {
      "time": 888.034977,
      "position": [
        22.573668715771074,
        88.34558881769443
      ]
    },
    {
      "time": 920.687009,
      "position": [
        22.575566954418345,
        88.34673306570546
      ]
    },
    {
      "time": 961.27477,
      "position": [
        22.57730347814018,
        88.34745426131354
      ]
    }
  ],
  "landmarks": [
    {
      "time": 7.005042,
      "lat": 22.549313746511046,
      "lon": 88.35007690693638,
      "description": "Start"
    },
    {
      "time": 18.379424,
      "lat": 22.549109411801748,
      "lon": 88.35074935388879,
      "description": "Little Russel Street"
    },
    {
      "time": 88.714707,
      "lat": 22.548415974162463,
      "lon": 88.35344979764535,
      "description": "Vardaan Market"
    },
    {
      "time": 97.456424,
      "lat": 22.54844532272603,
      "lon": 88.35353232201027,
      "description": "Camac Street"
    },
    {
      "time": 166.139324,
      "lat": 22.5509300750385,
      "lon": 88.35423752999027,
      "description": "Park Plaza"
    },
    {
      "time": 181.756034,
      "lat": 22.551045158754135,
      "lon": 88.35420748883932,
      "description": "Park Street"
    },
    {
      "time": 226.443245,
      "lat": 22.552491088074728,
      "lon": 88.35301770960277,
      "description": "Free School Street"
    },
    {
      "time": 244.779664,
      "lat": 22.55339235664661,
      "lon": 88.3534184724328,
      "description": "Royd Street"
    },
    {
      "time": 262.692326,
      "lat": 22.554054206222645,
      "lon": 88.35369652767902,
      "description": "Ripon Street"
    },
    {
      "time": 283.299145,
      "lat": 22.55509044292103,
      "lon": 88.35411581727377,
      "description": "Collin Lane"
    },
    {
      "time": 300.493198,
      "lat": 22.55579547239001,
      "lon": 88.35439184333838,
      "description": "Kyd Street"
    },
    {
      "time": 327.540309,
      "lat": 22.555848127756096,
      "lon": 88.35303679040177,
      "description": "Kyd GuestHouse"
    },
    {
      "time": 336.973113,
      "lat": 22.555859074830646,
      "lon": 88.3527548723153,
      "description": "Chowringhee Lane"
    },
    {
      "time": 412.847142,
      "lat": 22.556060944606767,
      "lon": 88.35019619128236,
      "description": "Chowringhee Road"
    },
    {
      "time": 469.424377,
      "lat": 22.560727684166878,
      "lon": 88.3506409407912,
      "description": "Humayun Road"
    },
    {
      "time": 498.621708,
      "lat": 22.56175741574736,
      "lon": 88.35074952899252,
      "description": "Oberoi Grand"
    },
    {
      "time": 513.540178,
      "lat": 22.56232237792407,
      "lon": 88.35081745383438,
      "description": "Chowringhee Pl"
    },
    {
      "time": 538.868613,
      "lat": 22.563528717634522,
      "lon": 88.35089409798475,
      "description": "Rashmoni Avenue"
    },
    {
      "time": 579.612923,
      "lat": 22.56437571918788,
      "lon": 88.34819981793898,
      "description": "Brigade Ground"
    },
    {
      "time": 616.418457,
      "lat": 22.563789577714996,
      "lon": 88.34715288679851,
      "description": "Roundabout"
    },
    {
      "time": 629.841683,
      "lat": 22.564002650098544,
      "lon": 88.34680972034926,
      "description": "Indira Gandhi Sarani"
    },
    {
      "time": 647.660853,
      "lat": 22.564411569084967,
      "lon": 88.34526765137129,
      "description": "Roundabout"
    },
    {
      "time": 677.911578,
      "lat": 22.565443437232034,
      "lon": 88.34510543301182,
      "description": "Khudiram Bose Road"
    },
    {
      "time": 707.345383,
      "lat": 22.56651455693103,
      "lon": 88.34264481700342,
      "description": "Cornelia Sorabji Road"
    },
    {
      "time": 727.266052,
      "lat": 22.5672236456426,
      "lon": 88.34122580240353,
      "description": "Ordnance Directory"
    },
    {
      "time": 758.74088,
      "lat": 22.567381355588093,
      "lon": 88.34111040826006,
      "description": "Strand Road"
    },
    {
      "time": 793.132668,
      "lat": 22.56857675357438,
      "lon": 88.34182637838043,
      "description": "Radhabinod Pal Sarani"
    },
    {
      "time": 832.232613,
      "lat": 22.570277888728935,
      "lon": 88.34314971552593,
      "description": "Kiran Shankar Ray Road"
    },
    {
      "time": 860.292731,
      "lat": 22.571965746591836,
      "lon": 88.34445482197647,
      "description": "Hare Street"
    },
    {
      "time": 888.034977,
      "lat": 22.573668715771078,
      "lon": 88.34558881769443,
      "description": "BTM Sarani"
    },
    {
      "time": 920.687009,
      "lat": 22.575566954418345,
      "lon": 88.34673306570546,
      "description": "Fairlie Road"
    },
    {
      "time": 961.27477,
      "lat": 22.57730347814018,
      "lon": 88.34745426131354,
      "description": "End"
    },
    {
      "time": 149.784661,
      "lat": 22.54994966982377,
      "lon": 88.35396349869664,
      "description": "William Jones Sarani"
    }
  ],
  "geojson": {
    "type": "FeatureCollection",
    "features": [
      {
        "type": "Feature",
        "properties": {
          "LENGTH": "5.094 km",
          "BEARING": "355? 10' 50.6\"",
          "NAME": ""
        },
        "geometry": {
          "type": "LineString",
          "coordinates": [
            [
              88.35003,
              22.549328
            ],
            [
              88.350754,
              22.549108
            ],
            [
              88.352883,
              22.548555
            ],
            [
              88.353519,
              22.548399
            ],
            [
              88.353913,
              22.549769
            ],
            [
              88.354254,
              22.550989
            ],
            [
              88.353015,
              22.552485
            ],
            [
              88.353412,
              22.553377
            ],
            [
              88.353675,
              22.554001
            ],
            [
              88.354114,
              22.555086
            ],
            [
              88.354404,
              22.555795
            ],
            [
              88.352757,
              22.555859
            ],
            [
              88.351904,
              22.555889
            ],
            [
              88.350193,
              22.556027
            ],
            [
              88.350493,
              22.559218
            ],
            [
              88.350708,
              22.561412
            ],
            [
              88.35096,
              22.563508
            ],
            [
              88.347919,
              22.564464
            ],
            [
              88.347827,
              22.564385
            ],
            [
              88.347683,
              22.564157
            ],
            [
              88.347495,
              22.563949
            ],
            [
              88.347339,
              22.563825
            ],
            [
              88.347173,
              22.56378
            ],
            [
              88.346984,
              22.56387
            ],
            [
              88.346737,
              22.564058
            ],
            [
              88.346442,
              22.564212
            ],
            [
              88.346094,
              22.564356
            ],
            [
              88.345868,
              22.56439
            ],
            [
              88.345595,
              22.564385
            ],
            [
              88.345407,
              22.56437
            ],
            [
              88.345289,
              22.564395
            ],
            [
              88.345155,
              22.564499
            ],
            [
              88.345096,
              22.564598
            ],
            [
              88.345101,
              22.564732
            ],
            [
              88.345219,
              22.564945
            ],
            [
              88.345273,
              22.565148
            ],
            [
              88.345278,
              22.565287
            ],
            [
              88.345208,
              22.565396
            ],
            [
              88.345048,
              22.56547
            ],
            [
              88.342762,
              22.566456
            ],
            [
              88.341067,
              22.567303
            ],
            [
              88.341303,
              22.567729
            ],
            [
              88.341829,
              22.568581
            ],
            [
              88.342483,
              22.569433
            ],
            [
              88.343132,
              22.570255
            ],
            [
              88.344447,
              22.571954
            ],
            [
              88.345595,
              22.573678
            ],
            [
              88.346759,
              22.57561
            ],
            [
              88.347107,
              22.576403
            ],
            [
              88.347483,
              22.577378
            ]
          ]
        }
      }
    ]
  }
}