{
  "linkedPoints": [
    {
      "time": 17.71896,
      "position": [
        26.182300341508693,
        91.74568096411194
      ]
    },
    {
      "time": 28.292346,
      "position": [
        26.181698996225567,
        91.74579879086279
      ]
    },
    {
      "time": 47.025728,
      "position": [
        26.180517622878874,
        91.74584023029276
      ]
    },
    {
      "time": 50.716223,
      "position": [
        26.180349272588675,
        91.74600443661566
      ]
    },
    {
      "time": 59.628938,
      "position": [
        26.180455653333578,
        91.74705641697152
      ]
    },
    {
      "time": 67.811306,
      "position": [
        26.180536990201453,
        91.74766832418814
      ]
    },
    {
      "time": 86.072642,
      "position": [
        26.180689895091927,
        91.74881197559293
      ]
    },
    {
      "time": 96.127397,
      "position": [
        26.18081691403316,
        91.74976201316284
      ]
    },
    {
      "time": 125.020797,
      "position": [
        26.180936,
        91.75076248880765
      ]
    },
    {
      "time": 163.807967,
      "position": [
        26.17910067396753,
        91.75155301719816
      ]
    },
    {
      "time": 185.492908,
      "position": [
        26.178079080074333,
        91.75289873658511
      ]
    },
    {
      "time": 196.600368,
      "position": [
        26.177281011493992,
        91.75409094402781
      ]
    },
    {
      "time": 207.117315,
      "position": [
        26.17641246553082,
        91.75538843522985
      ]
    },
    {
      "time": 230.735524,
      "position": [
        26.173443523066744,
        91.75924367819039
      ]
    },
    {
      "time": 237.268793,
      "position": [
        26.17267588450483,
        91.7601053133109
      ]
    },
    {
      "time": 239.980117,
      "position": [
        26.172390785551144,
        91.76042532234055
      ]
    },
    {
      "time": 250.114958,
      "position": [
        26.17112259272858,
        91.76184849920982
      ]
    },
    {
      "time": 256.61087,
      "position": [
        26.169870982569773,
        91.7632199172657
      ]
    },
    {
      "time": 268.956916,
      "position": [
        26.167864092882475,
        91.76541891248316
      ]
    },
    {
      "time": 276.73894,
      "position": [
        26.166720282621228,
        91.76670294540234
      ]
    },
    {
      "time": 285.49454,
      "position": [
        26.164837852119774,
        91.7688039059246
      ]
    },
    {
      "time": 296.995642,
      "position": [
        26.16321036008209,
        91.7705646543844
      ]
    },
    {
      "time": 305.280472,
      "position": [
        26.162078643077077,
        91.77178903455177
      ]
    },
    {
      "time": 318.687339,
      "position": [
        26.160358924375696,
        91.77366360310398
      ]
    },
    {
      "time": 324.897379,
      "position": [
        26.159321114941783,
        91.77479539306543
      ]
    },
    {
      "time": 332.013552,
      "position": [
        26.158386492151806,
        91.77581465214793
      ]
    },
    {
      "time": 347.002801,
      "position": [
        26.1565125178804,
        91.77792356384367
      ]
    },
    {
      "time": 362.781518,
      "position": [
        26.154451684409036,
        91.78023090119498
      ]
    },
    {
      "time": 371.324801,
      "position": [
        26.15318730259215,
        91.781593756444
      ]
    },
    {
      "time": 380.674738,
      "position": [
        26.151793199138886,
        91.78309643639682
      ]
    },
    {
      "time": 394.540207,
      "position": [
        26.150302783718335,
        91.7847011003764
      ]
    },
    {
      "time": 399.361009,
      "position": [
        26.149783591143038,
        91.7852600729068
      ]
    },
    {
      "time": 415.921359,
      "position": [
        26.147828311565455,
        91.78767226584552
      ]
    },
    {
      "time": 419.894926,
      "position": [
        26.147199776141584,
        91.78841076322435
      ]
    },
    {
      "time": 428.562639,
      "position": [
        26.145723121715875,
        91.79014575759605
      ]
    },
    {
      "time": 433.3557,
      "position": [
        26.145357008016767,
        91.79063203001955
      ]
    },
    {
      "time": 440.428629,
      "position": [
        26.144406212701057,
        91.79179354617963
      ]
    },
    {
      "time": 444.143738,
      "position": [
        26.143869868606714,
        91.79245759124882
      ]
    },
    {
      "time": 457.761474,
      "position": [
        26.141894754746847,
        91.79494467967491
      ]
    },
    {
      "time": 475.556639,
      "position": [
        26.13887393309358,
        91.79873193218151
      ]
    },
    {
      "time": 477.234123,
      "position": [
        26.138542909609487,
        91.79914620530676
      ]
    },
    {
      "time": 496.940764,
      "position": [
        26.13661546755464,
        91.8016253979039
      ]
    },
    {
      "time": 504.680192,
      "position": [
        26.136104524780325,
        91.80228787253425
      ]
    },
    {
      "time": 525.932094,
      "position": [
        26.13339547303341,
        91.80574679722287
      ]
    },
    {
      "time": 539.739833,
      "position": [
        26.13149332539201,
        91.80808966246835
      ]
    },
    {
      "time": 553.696785,
      "position": [
        26.129589433677115,
        91.8104653007441
      ]
    },
    {
      "time": 590.190104,
      "position": [
        26.124670162301925,
        91.81663514164204
      ]
    },
    {
      "time": 596.365723,
      "position": [
        26.123917025706092,
        91.8175821532634
      ]
    },
    {
      "time": 598.166554,
      "position": [
        26.123634012321936,
        91.81793807974165
      ]
    },
    {
      "time": 617.67971,
      "position": [
        26.119874704672455,
        91.82229498545098
      ]
    }
  ],
  "landmarks": [
    {
      "time": 13.909738,
      "lat": 26.182592,
      "lon": 91.745603,
      "description": "Start"
    },
    {
      "time": 17.71896,
      "lat": 26.182300341508693,
      "lon": 91.74568096411194,
      "description": "Panbazar Overbridge"
    },
    {
      "time": 28.292346,
      "lat": 26.181698996225567,
      "lon": 91.74579879086279,
      "description": "Panbazar Overbridge"
    },
    {
      "time": 47.025728,
      "lat": 26.180517622878874,
      "lon": 91.74584023029276,
      "description": "Vishal Megamart Point"
    },
    {
      "time": 50.716223,
      "lat": 26.180349272588675,
      "lon": 91.74600443661566,
      "description": "A T Road - Towards Paltanbazar"
    },
    {
      "time": 59.628938,
      "lat": 26.180455653333574,
      "lon": 91.74705641697152,
      "description": "Rajmahal Palace Hotel - Right"
    },
    {
      "time": 67.811306,
      "lat": 26.18053699020145,
      "lon": 91.74766832418814,
      "description": "Mohd. Shah Road - Right"
    },
    {
      "time": 86.072642,
      "lat": 26.180689895091927,
      "lon": 91.74881197559293,
      "description": "Paltanbazar Masjid - Right"
    },
    {
      "time": 96.127397,
      "lat": 26.18081691403316,
      "lon": 91.74976201316284,
      "description": "ASTC City Terminus - Left"
    },
    {
      "time": 125.020797,
      "lat": 26.180936,
      "lon": 91.75076248880765,
      "description": "Paltanbazar Footbridge"
    },
    {
      "time": 163.807967,
      "lat": 26.179100673967532,
      "lon": 91.75155301719816,
      "description": "Janata Hotel Point - Nepali Mandir, Right"
    },
    {
      "time": 185.492908,
      "lat": 26.178079080074333,
      "lon": 91.75289873658511,
      "description": "Solapara Road - Left"
    },
    {
      "time": 196.600368,
      "lat": 26.177281011493992,
      "lon": 91.75409094402781,
      "description": "Anwar Muzammil Road - Right"
    },
    {
      "time": 207.117315,
      "lat": 26.176412465530824,
      "lon": 91.75538843522985,
      "description": "Ulubari Flyover"
    },
    {
      "time": 230.735524,
      "lat": 26.173443523066744,
      "lon": 91.75924367819039,
      "description": "Ulubari Flyover"
    },
    {
      "time": 237.268793,
      "lat": 26.17267588450483,
      "lon": 91.7601053133109,
      "description": "Lachit Nagar Road - Left"
    },
    {
      "time": 239.980117,
      "lat": 26.172390785551144,
      "lon": 91.76042532234055,
      "description": "Hanuman Mandir Footbridge"
    },
    {
      "time": 250.114958,
      "lat": 26.171122592728583,
      "lon": 91.76184849920982,
      "description": "Ulubari Fuel Depot - Left"
    },
    {
      "time": 256.61087,
      "lat": 26.169870982569776,
      "lon": 91.7632199172657,
      "description": "Saniram Bora Road - Left"
    },
    {
      "time": 268.956916,
      "lat": 26.167864092882475,
      "lon": 91.76541891248316,
      "description": "Bharalu Bridge"
    },
    {
      "time": 276.73894,
      "lat": 26.166720282621228,
      "lon": 91.76670294540234,
      "description": "Bhangagarh Flyover"
    },
    {
      "time": 285.49454,
      "lat": 26.164837852119774,
      "lon": 91.7688039059246,
      "description": "Towards Medical College - Right"
    },
    {
      "time": 296.995642,
      "lat": 26.16321036008209,
      "lon": 91.7705646543844,
      "description": "Bhangagarh Flyover"
    },
    {
      "time": 305.280472,
      "lat": 26.162078643077077,
      "lon": 91.77178903455177,
      "description": "ABC Point"
    },
    {
      "time": 318.687339,
      "lat": 26.1603589243757,
      "lon": 91.77366360310398,
      "description": "IDBI Bank - Left"
    },
    {
      "time": 324.897379,
      "lat": 26.15932111494178,
      "lon": 91.77479539306543,
      "description": "Srinagar Footbridge"
    },
    {
      "time": 332.013552,
      "lat": 26.158386492151806,
      "lon": 91.77581465214793,
      "description": "Sreenagar Road - Left"
    },
    {
      "time": 347.002801,
      "lat": 26.156512517880405,
      "lon": 91.77792356384367,
      "description": "Christianbasti Arunudoi Path - Right"
    },
    {
      "time": 362.781518,
      "lat": 26.154451684409032,
      "lon": 91.78023090119498,
      "description": "NRL Tower"
    },
    {
      "time": 371.324801,
      "lat": 26.153187302592148,
      "lon": 91.781593756444,
      "description": "Walford Footbridge"
    },
    {
      "time": 380.674738,
      "lat": 26.151793199138886,
      "lon": 91.78309643639682,
      "description": "Ganeshguri Flyover"
    },
    {
      "time": 394.540207,
      "lat": 26.150302783718338,
      "lon": 91.7847011003764,
      "description": "Left towards RGB Road"
    },
    {
      "time": 399.361009,
      "lat": 26.14978359114304,
      "lon": 91.7852600729068,
      "description": "In from RGB Road - Left"
    },
    {
      "time": 415.921359,
      "lat": 26.147828311565455,
      "lon": 91.78767226584552,
      "description": "Ganeshguri Flyover"
    },
    {
      "time": 419.894926,
      "lat": 26.147199776141584,
      "lon": 91.78841076322435,
      "description": "Ganeshguri Footbridge"
    },
    {
      "time": 428.562639,
      "lat": 26.145723121715875,
      "lon": 91.79014575759605,
      "description": "Roundabout Secretariat"
    },
    {
      "time": 433.3557,
      "lat": 26.145357008016767,
      "lon": 91.79063203001955,
      "description": "Old Secretariat Gate"
    },
    {
      "time": 440.428629,
      "lat": 26.14440621270106,
      "lon": 91.79179354617963,
      "description": "Dispur Footbridge"
    },
    {
      "time": 444.143738,
      "lat": 26.143869868606718,
      "lon": 91.79245759124882,
      "description": "Dispur Flyover"
    },
    {
      "time": 457.761474,
      "lat": 26.14189475474685,
      "lon": 91.79494467967491,
      "description": "Towards Last Gate - Right"
    },
    {
      "time": 475.556639,
      "lat": 26.138873933093585,
      "lon": 91.79873193218151,
      "description": "Dispur Flyover"
    },
    {
      "time": 477.234123,
      "lat": 26.138542909609484,
      "lon": 91.79914620530676,
      "description": "Zakir Hussain Road - Left"
    },
    {
      "time": 496.940764,
      "lat": 26.136615467554645,
      "lon": 91.8016253979039,
      "description": "Lakhimi Mandir Path - Right"
    },
    {
      "time": 504.680192,
      "lat": 26.136104524780325,
      "lon": 91.80228787253425,
      "description": "Hotel Shoolin Grand - Left"
    },
    {
      "time": 525.932094,
      "lat": 26.133395473033406,
      "lon": 91.80574679722287,
      "description": "Six Mile Flyover"
    },
    {
      "time": 539.739833,
      "lat": 26.13149332539201,
      "lon": 91.80808966246835,
      "description": "Towards Panjabari - Left"
    },
    {
      "time": 553.696785,
      "lat": 26.12958943367711,
      "lon": 91.8104653007441,
      "description": "Six Mile Flyover"
    },
    {
      "time": 590.190104,
      "lat": 26.12467016230192,
      "lon": 91.81663514164204,
      "description": "Taj Vivanta - Left"
    },
    {
      "time": 596.365723,
      "lat": 26.123917025706096,
      "lon": 91.8175821532634,
      "description": "Khanapara Footbridge"
    },
    {
      "time": 598.166554,
      "lat": 26.123634012321936,
      "lon": 91.81793807974165,
      "description": "Towards Khanapara Field - Right"
    },
    {
      "time": 617.67971,
      "lat": 26.11987470467246,
      "lon": 91.82229498545098,
      "description": "Khanapara Roundabout"
    },
    {
      "time": 621.681325,
      "lat": 26.11987470467246,
      "lon": 91.82229498545098,
      "description": "End"
    }
  ],
  "geojson": {
    "type": "FeatureCollection",
    "features": [
      {
        "type": "Feature",
        "properties": {},
        "geometry": {
          "type": "LineString",
          "coordinates": [
            [
              91.745603,
              26.182592
            ],
            [
              91.745796,
              26.18187
            ],
            [
              91.745807,
              26.181196
            ],
            [
              91.745807,
              26.180666
            ],
            [
              91.74585,
              26.180474
            ],
            [
              91.746,
              26.180349
            ],
            [
              91.746472,
              26.180378
            ],
            [
              91.747631,
              26.180532
            ],
            [
              91.750002,
              26.180849
            ],
            [
              91.750646,
              26.180936
            ],
            [
              91.750828,
              26.180936
            ],
            [
              91.750903,
              26.180724
            ],
            [
              91.751182,
              26.179954
            ],
            [
              91.751354,
              26.179482
            ],
            [
              91.751525,
              26.179136
            ],
            [
              91.751686,
              26.178933
            ],
            [
              91.752255,
              26.17851
            ],
            [
              91.757491,
              26.175005
            ],
            [
              91.761836,
              26.171134
            ],
            [
              91.765602,
              26.167697
            ],
            [
              91.768305,
              26.165299
            ],
            [
              91.771899,
              26.161977
            ],
            [
              91.775837,
              26.158366
            ],
            [
              91.779946,
              26.154716
            ],
            [
              91.783143,
              26.15175
            ],
            [
              91.785321,
              26.149727
            ],
            [
              91.787252,
              26.148186
            ],
            [
              91.79016,
              26.145711
            ],
            [
              91.790417,
              26.14574
            ],
            [
              91.790546,
              26.145624
            ],
            [
              91.790589,
              26.145393
            ],
            [
              91.791072,
              26.144989
            ],
            [
              91.7931,
              26.143351
            ],
            [
              91.795503,
              26.141454
            ],
            [
              91.799698,
              26.138102
            ],
            [
              91.80473,
              26.134221
            ],
            [
              91.808313,
              26.131312
            ],
            [
              91.812465,
              26.127989
            ],
            [
              91.81681,
              26.124531
            ],
            [
              91.82093,
              26.121255
            ],
            [
              91.821917,
              26.120475
            ],
            [
              91.822186,
              26.120061
            ],
            [
              91.822389,
              26.119714
            ]
          ]
        }
      }
    ]
  }
}